Datasheets,Image,Digi-Key Part Number,Manufacturer Part Number,Manufacturer,Description,Quantity Available,Factory Stock,Unit Price (USD),@ qty,Minimum Quantity,"Packaging","Series","Part Status"
-,-,1528-1753AD-ND,1753,Adafruit Industries LLC,ADJUSTABLE BENT-WIRE STAND,0,0,"Active","0","0","-","*","Active"
-,-,1528-2290AD-ND,2290,Adafruit Industries LLC,TRINKET BOOK + NEOPIXEL GOGGLES,0,0,"Active","0","0","-","*","Active"
-,-,1528-2281AD-ND,2281,Adafruit Industries LLC,PI PROTECTOR FOR MODEL A+,0,0,"Active","0","0","-","*","Active"
-,-,1528-1977AD-ND,1977,Adafruit Industries LLC,CHIBITRONICS WHITE LEDS PACK,0,0,"Active","0","0","-","*","Active"
-,-,1528-2262AD-ND,2262,Adafruit Industries LLC,RASPBERRY PI MODEL B GPIO REF,0,0,"Active","0","0","-","*","Active"
-,-,1528-2110AD-ND,2110,Adafruit Industries LLC,HDMI 4 PI: 5 HDMI/VGA/NTSC/PAL,0,0,"Active","0","0","-","*","Active"
-,-,1528-1530AD-ND,1530,Adafruit Industries LLC,SOLDER:TIME DESK CLOCK,0,0,"Active","0","0","-","*","Active"
-,-,1528-2129AD-ND,2129,Adafruit Industries LLC,RASPBERRY PI ADD-ON PACK,0,0,"Active","0","0","-","*","Active"
-,-,2240-FM66036BK-ND,FM66036BK,"Transforming Technologies, LlC",ESD ANTI-FATIGUE MAT 3? X 5',0,0,"Active","0","0","-","*","Active"
-,-,2240-CM400-ND,CM400,"Transforming Technologies, LlC",SINGLE WIRE CONT MTR ONE OPERATR,0,0,"Active","0","0","-","*","Active"
-,-,2240-JKC9029SPTL-ND,JKC9029SPTL,"Transforming Technologies, LlC",ESD JACKET SNAP CUFF 5XL TEAL,0,0,"Active","0","0","-","*","Active"
-,-,2240-FM53X4-ND,FM53X4,"Transforming Technologies, LlC",ESD ANTI-FATIGUE MAT 3?X4?,0,0,"Active","0","0","-","*","Active"
-,-,2240-MT4536B-ND,MT4536B,"Transforming Technologies, LlC",2LYR ESD TBL MAT 36""X50' BLUE,0,0,"-","0","0","-","*","-"
-,-,2240-HG1370-ND,HG1370,"Transforming Technologies, LlC",ESD HEEL GROUNDER CUP STYLE ORNG,0,0,"Active","0","0","-","*","Active"
-,-,2240-CM410PV-ND,CM410PV,"Transforming Technologies, LlC",CM400 & CM410 VERIFICATION TOOL,0,0,"Active","0","0","-","*","Active"
-,-,2240-JKC9024SPBK-ND,JKC9024SPBK,"Transforming Technologies, LlC",ESD JACKET SNAP CUFF L BLACK,0,0,"Active","0","0","-","*","Active"
-,-,2240-JKC9027SPLB-ND,JKC9027SPLB,"Transforming Technologies, LlC",ESD JACKET SNAP CUFF 3XL LT BLUE,0,0,"Active","0","0","-","*","Active"
-,-,2240-MT3672RB-ND,MT3672RB,"Transforming Technologies, LlC",2LYR ESD TBL MAT 36""X72"" RYL BL,0,0,"Active","0","0","-","*","Active"
-,-,2240-MT4548B-ND,MT4548B,"Transforming Technologies, LlC",2LYR ESD TBL MAT 48""X50' BLUE,0,0,"Active","0","0","-","*","Active"
-,-,2240-BFN802-ND,BFN802,"Transforming Technologies, LlC",2FAN OVERHD IONZIER W/LED LIGHT,0,0,"Active","0","0","-","*","Active"
-,-,2240-MT4548GN-ND,MT4548GN,"Transforming Technologies, LlC",2LYR ESD TBL MAT 48""X50' GREEN,0,0,"Active","0","0","-","*","Active"
-,-,2240-MT2436GN-ND,MT2436GN,"Transforming Technologies, LlC",2LYR ESD TABLE MAT 24""X36"" GREEN,0,0,"Active","0","0","-","*","Active"
-,-,2240-JKC9021SPMR-ND,JKC9021SPMR,"Transforming Technologies, LlC",ESD JACKET SNAP CUFF XS MAROON,0,0,"Active","0","0","-","*","Active"
-,-,2240-MT4536RB-ND,MT4536RB,"Transforming Technologies, LlC",2LYR ESD TBL MAT 36""X50' RYL BL,0,0,"Active","0","0","-","*","Active"
-,-,2240-GL2504T-ND,GL2504T,"Transforming Technologies, LlC",LG ESD CUT RES GLOVES FINGER CTD,0,0,"Active","0","0","-","*","Active"
-,-,2240-JKC9027SPGN-ND,JKC9027SPGN,"Transforming Technologies, LlC",ESD JACKET SNAP CUFF 3XL YLW-GRN,0,0,"Active","0","0","-","*","Active"
-,-,2240-JKC9021SPTL-ND,JKC9021SPTL,"Transforming Technologies, LlC",ESD JACKET SNAP CUFF XS TEAL,0,0,"Active","0","0","-","*","Active"
-,-,2240-GL2506-ND,GL2506,"Transforming Technologies, LlC",2XL ESD CUT RES GLOVES UNCTD,0,0,"Active","0","0","-","*","Active"
-,-,2240-JKC9025SPBK-ND,JKC9025SPBK,"Transforming Technologies, LlC",ESD JACKET SNAP CUFF XL BLACK,0,0,"Active","0","0","-","*","Active"
-,-,2240-MT4524GY-ND,MT4524GY,"Transforming Technologies, LlC",2LYR ESD TBL MAT 24""X50' GRAY,0,0,"Active","0","0","-","*","Active"
-,-,2240-GL4503T-ND,GL4503T,"Transforming Technologies, LlC",MEDM ESD NYLON GLOVE FINGER CTD,0,0,"Active","0","0","-","*","Active"
-,-,2240-GL4503P-ND,GL4503P,"Transforming Technologies, LlC",MEDIUM ESD NYLON GLOVES PALM CTD,0,0,"Active","0","0","-","*","Active"
-,-,2240-GL2502T-ND,GL2502T,"Transforming Technologies, LlC",SM ESD CUT RES GLOVES FINGER CTD,0,0,"Active","0","0","-","*","Active"
-,-,2240-CP4070-ND,CP4070,"Transforming Technologies, LlC",METAL BENCH MOUNT GROUND CORD,0,0,"Active","0","0","-","*","Active"
-,-,2240-GL4502P-ND,GL4502P,"Transforming Technologies, LlC",SMALL ESD NYLON GLOVES PALM CTD,0,0,"Active","0","0","-","*","Active"
-,-,2240-WBAS28-ND,WBAS28,"Transforming Technologies, LlC",CONDUCTIVE WASTE BSKT 7GAL BLK,0,0,"Active","0","0","-","*","Active"
-,-,2240-MT4548GY-ND,MT4548GY,"Transforming Technologies, LlC",2LYR ESD TBL MAT 48""X50' GRAY,0,0,"Active","0","0","-","*","Active"
-,-,2240-JKC9029SPLB-ND,JKC9029SPLB,"Transforming Technologies, LlC",ESD JACKET SNAP CUFF 5XL LT BLUE,0,0,"Active","0","0","-","*","Active"
-,-,2240-MT4536GY-ND,MT4536GY,"Transforming Technologies, LlC",2LYR ESD TBL MAT 36""X50' GRAY,0,0,"Active","0","0","-","*","Active"
-,-,2240-JKC9029SPMR-ND,JKC9029SPMR,"Transforming Technologies, LlC",ESD JACKET SNAP CUFF 5XL MAROON,0,0,"Active","0","0","-","*","Active"
-,-,2240-GL4503-ND,GL4503,"Transforming Technologies, LlC",MEDIUM ESD NYLON GLOVES UNCTD,0,0,"Active","0","0","-","*","Active"
-,-,2240-CP2522-ND,CP2522,"Transforming Technologies, LlC",LOW PRFL CMN GND CORD10MM MALE,0,0,"Active","0","0","-","*","Active"
-,-,2240-JKC9028SPWH-ND,JKC9028SPWH,"Transforming Technologies, LlC",ESD JACKET SNAP CUFF 4XL WHITE,0,0,"Active","0","0","-","*","Active"
-,-,2240-MT3648GY-ND,MT3648GY,"Transforming Technologies, LlC",2LYR ESD TABLE MAT 36""X48"" GRAY,0,0,"Active","0","0","-","*","Active"
-,-,2240-GL2502-ND,GL2502,"Transforming Technologies, LlC",SM ESD CUT RES GLOVES UNCTD,0,0,"-","0","0","-","*","-"
-,-,2240-JKC9027SPWH-ND,JKC9027SPWH,"Transforming Technologies, LlC",ESD JACKET SNAP CUFF 3XL WHITE,0,0,"Active","0","0","-","*","Active"
-,-,2240-JKC9028SPOR-ND,JKC9028SPOR,"Transforming Technologies, LlC",ESD JACKET SNAP CUFF 4XL ORANGE,0,0,"Active","0","0","-","*","Active"
-,-,2240-7100.SRM110-ND,7100.SRM110,"Transforming Technologies, LlC",POCKET SURFACE RESISTANCE METER,0,0,"Active","0","0","-","*","Active"
-,-,2240-MT3648RB-ND,MT3648RB,"Transforming Technologies, LlC",2LYR ESD TBL MAT 36""X48"" RYL BL,0,0,"Active","0","0","-","*","Active"
-,-,2240-GL4505P-ND,GL4505P,"Transforming Technologies, LlC",XL ESD NYLON GLOVES PALM CTD,0,0,"Active","0","0","-","*","Active"
-,-,2240-JKC9024SPOR-ND,JKC9024SPOR,"Transforming Technologies, LlC",ESD JACKET SNAP CUFF L ORANGE,0,0,"Active","0","0","-","*","Active"
-,-,2240-WB6037-ND,WB6037,"Transforming Technologies, LlC",ONE WIRE MTL WRIST STRAP 6? CORD,0,0,"Active","0","0","-","*","Active"
-,-,2240-JKC9021SPOR-ND,JKC9021SPOR,"Transforming Technologies, LlC",ESD JACKET SNAP CUFF XS ORANGE,0,0,"Active","0","0","-","*","Active"
-,-,2240-JKC9029SPWH-ND,JKC9029SPWH,"Transforming Technologies, LlC",ESD JACKET SNAP CUFF 5XL WHITE,0,0,"Active","0","0","-","*","Active"
-,-,2240-JKC9022SPBK-ND,JKC9022SPBK,"Transforming Technologies, LlC",ESD JACKET SNAP CUFF S BLACK,0,0,"Active","0","0","-","*","Active"
-,-,2240-JKC9023SPWH-ND,JKC9023SPWH,"Transforming Technologies, LlC",ESD JACKET SNAP CUFF M WHITE,0,0,"Active","0","0","-","*","Active"
-,-,2240-MT3672GN-ND,MT3672GN,"Transforming Technologies, LlC",2LYR ESD TABLE MAT 36""X72"" GREEN,0,0,"Active","0","0","-","*","Active"
-,-,2240-JKC9022SPOR-ND,JKC9022SPOR,"Transforming Technologies, LlC",ESD JACKET SNAP CUFF S ORANGE,0,0,"Active","0","0","-","*","Active"
-,-,2240-GL4501-ND,GL4501,"Transforming Technologies, LlC",XSMALL ESD NYLON GLOVES UNCTD,0,0,"Active","0","0","-","*","Active"
-,-,2240-CM420-ND,CM420,"Transforming Technologies, LlC",CM420 PERIODIC VERIFICATION TOOL,0,0,"Active","0","0","-","*","Active"
-,-,2240-JKC9022SPWH-ND,JKC9022SPWH,"Transforming Technologies, LlC",ESD JACKET SNAP CUFF S WHITE,0,0,"Active","0","0","-","*","Active"
-,-,2240-MT2436RB-ND,MT2436RB,"Transforming Technologies, LlC",2LYR ESD TBL MAT 24""X36"" RYL BL,0,0,"Active","0","0","-","*","Active"
-,-,2240-FM62436BK-ND,FM62436BK,"Transforming Technologies, LlC",ESD ANTI-FATIGUE MAT 2? X 3?,0,0,"Active","0","0","-","*","Active"
-,-,2240-JKC9026SPWH-ND,JKC9026SPWH,"Transforming Technologies, LlC",ESD JACKET SNAP CUFF 2XL WHITE,0,0,"Active","0","0","-","*","Active"
-,-,2240-GL2503P-ND,GL2503P,"Transforming Technologies, LlC",MED ESD CUT RES GLOVES PALM CTD,0,0,"Active","0","0","-","*","Active"
-,-,2240-JKC9029SPOR-ND,JKC9029SPOR,"Transforming Technologies, LlC",ESD JACKET SNAP CUFF 5XL ORANGE,0,0,"Active","0","0","-","*","Active"
-,-,2240-JKC9024SPTL-ND,JKC9024SPTL,"Transforming Technologies, LlC",ESD JACKET SNAP CUFF L TEAL,0,0,"Active","0","0","-","*","Active"
-,-,2240-JKC9023SPGN-ND,JKC9023SPGN,"Transforming Technologies, LlC",ESD JACKET SNAP CUFF M YLW-GRN,0,0,"Active","0","0","-","*","Active"
-,-,2240-GL2503-ND,GL2503,"Transforming Technologies, LlC",MED ESD CUT RES GLOVES UNCTD,0,0,"Active","0","0","-","*","Active"
-,-,2240-GL4501T-ND,GL4501T,"Transforming Technologies, LlC",XSML ESD NYLON GLOVES FINGER CTD,0,0,"Active","0","0","-","*","Active"
-,-,2240-WBAS180-ND,WBAS180,"Transforming Technologies, LlC",CONDUCTIVE WASTE BSKT 44 GAL BLK,0,0,"Active","0","0","-","*","Active"
-,-,2240-JKC9028SPTL-ND,JKC9028SPTL,"Transforming Technologies, LlC",ESD JACKET SNAP CUFF 4XL TEAL,0,0,"Active","0","0","-","*","Active"
-,-,2240-WBAS22LB-ND,WBAS22LB,"Transforming Technologies, LlC",CONDUCTIVE WASTE LINER 22GAL BLK,0,0,"Active","0","0","-","*","Active"
-,-,2240-JKC9021SPLB-ND,JKC9021SPLB,"Transforming Technologies, LlC",ESD JACKET SNAP CUFF XS LT BLUE,0,0,"Active","0","0","-","*","Active"
-,-,2240-GL2501T-ND,GL2501T,"Transforming Technologies, LlC",XSM ESD CUT RES GLOVE FINGER CTD,0,0,"Active","0","0","-","*","Active"
-,-,2240-JKC9022SPMR-ND,JKC9022SPMR,"Transforming Technologies, LlC",ESD JACKET SNAP CUFF S MAROON,0,0,"Active","0","0","-","*","Active"
-,-,2240-WB1637-ND,WB1637,"Transforming Technologies, LlC",WRIST STRAP CURVED BKL 6? CORD,0,0,"Active","0","0","-","*","Active"
-,-,2240-JKC9028SPLB-ND,JKC9028SPLB,"Transforming Technologies, LlC",ESD JACKET SNAP CUFF 4XL LT BLUE,0,0,"Active","0","0","-","*","Active"
-,-,2240-JKC9026SPMR-ND,JKC9026SPMR,"Transforming Technologies, LlC",ESD JACKET SNAP CUFF 2XL MAROON,0,0,"Active","0","0","-","*","Active"
-,-,2240-GL2505-ND,GL2505,"Transforming Technologies, LlC",XL ESD CUT RES GLOVES UNCTD,0,0,"Active","0","0","-","*","Active"
-,-,2240-WBASLP-ND,WBASLP,"Transforming Technologies, LlC",DISSIPATIVE BASKET LNR 7GAL PNK,0,0,"Active","0","0","-","*","Active"
-,-,2240-GL4504P-ND,GL4504P,"Transforming Technologies, LlC",LARGE ESD NYLON GLOVES PALM CTD,0,0,"Active","0","0","-","*","Active"
-,-,2240-WB5050S-ND,WB5050S,"Transforming Technologies, LlC",DL CNDCTR WRIST STRAP 5? CORD  S,0,0,"Active","0","0","-","*","Active"
-,-,2240-JKC9024SPWH-ND,JKC9024SPWH,"Transforming Technologies, LlC",ESD JACKET SNAP CUFF L WHITE,0,0,"Active","0","0","-","*","Active"
-,-,2240-JKC9025SPMR-ND,JKC9025SPMR,"Transforming Technologies, LlC",ESD JACKET SNAP CUFF XL MAROON,0,0,"Active","0","0","-","*","Active"
-,-,2240-JKC9024SPLB-ND,JKC9024SPLB,"Transforming Technologies, LlC",ESD JACKET SNAP CUFF L LT BLUE,0,0,"Active","0","0","-","*","Active"
-,-,2240-GL2501-ND,GL2501,"Transforming Technologies, LlC",XSM ESD CUT RES GLOVES UNCTD,0,0,"Active","0","0","-","*","Active"
-,-,2240-7100.SRM200.K-ND,7100.SRM200.K,"Transforming Technologies, LlC",POCKET DGTL SURFACE RES TEST KIT,0,0,"Active","0","0","-","*","Active"
-,-,2240-JKC9029SPBK-ND,JKC9029SPBK,"Transforming Technologies, LlC",ESD JACKET SNAP CUFF 5XL BLACK,0,0,"Active","0","0","-","*","Active"
-,-,2240-GL4506P-ND,GL4506P,"Transforming Technologies, LlC",2XL ESD NYLON GLOVES PALM COATED,0,0,"Active","0","0","-","*","Active"
-,-,2240-MT4530RB-ND,MT4530RB,"Transforming Technologies, LlC",2LYR ESD TBL MAT 30""X50' RYL BL,0,0,"Active","0","0","-","*","Active"
-,-,2240-JKC9026SPLB-ND,JKC9026SPLB,"Transforming Technologies, LlC",ESD JACKET SNAP CUFF 2XL LT BLUE,0,0,"Active","0","0","-","*","Active"
-,-,2240-JKC9028SPGN-ND,JKC9028SPGN,"Transforming Technologies, LlC",ESD JACKET SNAP CUFF 4XL YLW-GRN,0,0,"Active","0","0","-","*","Active"
-,-,2240-JKC9025SPTL-ND,JKC9025SPTL,"Transforming Technologies, LlC",ESD JACKET SNAP CUFF XL TEAL,0,0,"Active","0","0","-","*","Active"
-,-,2240-MT3672B-ND,MT3672B,"Transforming Technologies, LlC",2LYR ESD TABLE MAT 36""X72"" BLUE,0,0,"Active","0","0","-","*","Active"
-,-,2240-WBAS44LB-ND,WBAS44LB,"Transforming Technologies, LlC",CONDUCTIVE WASTE LINER 44GAL BLK,0,0,"Active","0","0","-","*","Active"
-,-,2240-BFN801-ND,BFN801,"Transforming Technologies, LlC",BENCHTOP IONIZING BLOWER,0,0,"Active","0","0","-","*","Active"
-,-,2240-GL4506-ND,GL4506,"Transforming Technologies, LlC",2XL ESD NYLON GLOVES UNCOATED,0,0,"Active","0","0","-","*","Active"
-,-,2240-JKC9021SPBK-ND,JKC9021SPBK,"Transforming Technologies, LlC",ESD JACKET SNAP CUFF XS BLACK,0,0,"Active","0","0","-","*","Active"
-,-,2240-GL2502P-ND,GL2502P,"Transforming Technologies, LlC",SM ESD CUT RES GLOVES PALM CTD,0,0,"Active","0","0","-","*","Active"
-,-,2240-MT2436B-ND,MT2436B,"Transforming Technologies, LlC",2LYR ESD TABLE MAT 24""X36"" BLUE,0,0,"Active","0","0","-","*","Active"
-,-,2240-HG1360B-ND,HG1360B,"Transforming Technologies, LlC",ESD HEEL GROUNDER CUP STYLE BLUE,0,0,"Active","0","0","-","*","Active"
-,-,2240-JKC9025SPLB-ND,JKC9025SPLB,"Transforming Technologies, LlC",ESD JACKET SNAP CUFF XL LT BLUE,0,0,"Active","0","0","-","*","Active"
-,-,2240-GL4505T-ND,GL4505T,"Transforming Technologies, LlC",XL ESD NYLON GLOVES FINGER CTD,0,0,"Active","0","0","-","*","Active"
-,-,2240-MT4524GN-ND,MT4524GN,"Transforming Technologies, LlC",2LYR ESD TBL MAT 24""X50' GREEN,0,0,"Active","0","0","-","*","Active"
-,-,2240-JKC9028SPBK-ND,JKC9028SPBK,"Transforming Technologies, LlC",ESD JACKET SNAP CUFF 4XL BLACK,0,0,"Active","0","0","-","*","Active"
-,-,2240-JKC9024SPMR-ND,JKC9024SPMR,"Transforming Technologies, LlC",ESD JACKET SNAP CUFF L MAROON,0,0,"Active","0","0","-","*","Active"
-,-,2240-CS1090-ND,CS1090,"Transforming Technologies, LlC","ESD UNIVERSAL SNAP KIT, 10MM",0,0,"Active","0","0","-","*","Active"
-,-,2240-MT4524B-ND,MT4524B,"Transforming Technologies, LlC",2LYR ESD TBL MAT 24""X50' BLUE,0,0,"Active","0","0","-","*","Active"
-,-,2240-MT2448B-ND,MT2448B,"Transforming Technologies, LlC",2LYR ESD TABLE MAT 24""X48"" BLUE,0,0,"Active","0","0","-","*","Active"
-,-,2240-JKC9025SPOR-ND,JKC9025SPOR,"Transforming Technologies, LlC",ESD JACKET SNAP CUFF XL ORANGE,0,0,"Active","0","0","-","*","Active"
-,-,2240-JKC9025SPGN-ND,JKC9025SPGN,"Transforming Technologies, LlC",ESD JACKET SNAP CUFF XL YLW-GRN,0,0,"Active","0","0","-","*","Active"
-,-,2240-JKC9023SPBK-ND,JKC9023SPBK,"Transforming Technologies, LlC",ESD JACKET SNAP CUFF M BLACK,0,0,"Active","0","0","-","*","Active"
-,-,2240-GL2506T-ND,GL2506T,"Transforming Technologies, LlC",2XL ESD CUT RES GLOVE FINGER CTD,0,0,"Active","0","0","-","*","Active"
-,-,2240-MT4524RB-ND,MT4524RB,"Transforming Technologies, LlC",2LYR ESD TBL MAT 24""X50' RYL BL,0,0,"Active","0","0","-","*","Active"
-,-,2240-JKC9023SPTL-ND,JKC9023SPTL,"Transforming Technologies, LlC",ESD JACKET SNAP CUFF M TEAL,0,0,"Active","0","0","-","*","Active"
-,-,2240-7100.WT5000.B-ND,7100.WT5000.B,"Transforming Technologies, LlC",WALKING TEST KIT,0,0,"Active","0","0","-","*","Active"
-,-,2240-CM1602-ND,CM1602,"Transforming Technologies, LlC",RANGERTWO DUAL WIRE CONSTANT MTR,0,0,"Active","0","0","-","*","Active"
-,-,2240-JKC9026SPGN-ND,JKC9026SPGN,"Transforming Technologies, LlC",ESD JACKET SNAP CUFF 2XL YLW-GRN,0,0,"Active","0","0","-","*","Active"
-,-,2240-GK1000-ND,GK1000,"Transforming Technologies, LlC",ESD TABLE MAT GROUNDING KIT,0,0,"Active","0","0","-","*","Active"
-,-,2240-JKC9027SPTL-ND,JKC9027SPTL,"Transforming Technologies, LlC",ESD JACKET SNAP CUFF 3XL TEAL,0,0,"Active","0","0","-","*","Active"
-,-,2240-JKC9028SPMR-ND,JKC9028SPMR,"Transforming Technologies, LlC",ESD JACKET SNAP CUFF 4XL MAROON,0,0,"Active","0","0","-","*","Active"
-,-,2240-MT3648GN-ND,MT3648GN,"Transforming Technologies, LlC",2LYR ESD TABLE MAT 36""X48"" GREEN,0,0,"Active","0","0","-","*","Active"
-,-,2240-MT2436GY-ND,MT2436GY,"Transforming Technologies, LlC",2LYR ESD TABLE MAT 24""X36"" GRAY,0,0,"Active","0","0","-","*","Active"
-,-,2240-GL4502-ND,GL4502,"Transforming Technologies, LlC",SMALL ESD NYLON GLOVES UNCTD,0,0,"Active","0","0","-","*","Active"
-,-,2240-HG1390S-ND,HG1390S,"Transforming Technologies, LlC","HI-VISIBILITY, CUP HEEL GROUNDER",0,0,"Active","0","0","-","*","Active"
-,-,2240-JKC9027SPOR-ND,JKC9027SPOR,"Transforming Technologies, LlC",ESD JACKET SNAP CUFF 3XL ORANGE,0,0,"Active","0","0","-","*","Active"
-,-,2240-GL2504P-ND,GL2504P,"Transforming Technologies, LlC",LG ESD CUT RES GLOVES PALM CTD,0,0,"Active","0","0","-","*","Active"
-,-,2240-MT2448GY-ND,MT2448GY,"Transforming Technologies, LlC",2LYR ESD TABLE MAT 24""X48"" GRAY,0,0,"Active","0","0","-","*","Active"
-,-,2240-GL4502T-ND,GL4502T,"Transforming Technologies, LlC",SMALL ESD NYLON GLOVE FINGER CTD,0,0,"Active","0","0","-","*","Active"
-,-,2240-JKC9024SPGN-ND,JKC9024SPGN,"Transforming Technologies, LlC",ESD JACKET SNAP CUFF L YLW-GRN,0,0,"Active","0","0","-","*","Active"
-,-,2240-GL2506P-ND,GL2506P,"Transforming Technologies, LlC",2XL ESD CUT RES GLOVES PALM CTD,0,0,"Active","0","0","-","*","Active"
-,-,2240-GL4504-ND,GL4504,"Transforming Technologies, LlC",LARGE ESD NYLON GLOVES UNCTD,0,0,"Active","0","0","-","*","Active"
-,-,2240-GK2000-ND,GK2000,"Transforming Technologies, LlC",ESD FLOOR MAT GROUNDING KIT,0,0,"Active","0","0","-","*","Active"
-,-,2240-JKC9026SPBK-ND,JKC9026SPBK,"Transforming Technologies, LlC",ESD JACKET SNAP CUFF 2XL BLACK,0,0,"Active","0","0","-","*","Active"
-,-,2240-WBAS90-ND,WBAS90,"Transforming Technologies, LlC",CONDUCTIVE WASTE BSKT 22GAL BLK,0,0,"Active","0","0","-","*","Active"
-,-,2240-WB5050M-ND,WB5050M,"Transforming Technologies, LlC",DL CNDCTR WRIST STRAP 5? CORD M,0,0,"-","0","0","-","*","-"
-,-,2240-GL4506T-ND,GL4506T,"Transforming Technologies, LlC",2XL ESD NYLON GLOVES FINGER CTD,0,0,"Active","0","0","-","*","Active"
-,-,2240-MT4530GY-ND,MT4530GY,"Transforming Technologies, LlC",2LYR ESD TBL MAT 30""X50' GRAY,0,0,"Active","0","0","-","*","Active"
-,-,2240-JKC9022SPTL-ND,JKC9022SPTL,"Transforming Technologies, LlC",ESD JACKET SNAP CUFF S TEAL,0,0,"Active","0","0","-","*","Active"
-,-,2240-GL2501P-ND,GL2501P,"Transforming Technologies, LlC",XSM ESD CUT RES GLOVES PALM CTD,0,0,"Active","0","0","-","*","Active"
-,-,2240-MT2448RB-ND,MT2448RB,"Transforming Technologies, LlC",2LYR ESD TBL MAT 24""X48"" RYL BL,0,0,"Active","0","0","-","*","Active"
-,-,2240-MT4530GN-ND,MT4530GN,"Transforming Technologies, LlC",2LYR ESD TBL MAT 30""X50' GREEN,0,0,"Active","0","0","-","*","Active"
-,-,2240-FM1515-ND,FM1515,"Transforming Technologies, LlC",LOW PRFL FLOOR MAT GROUND CORD,0,0,"Active","0","0","-","*","Active"
-,-,2240-GL2505P-ND,GL2505P,"Transforming Technologies, LlC",XL ESD CUT RES GLOVES PALM CTD,0,0,"Active","0","0","-","*","Active"
-,-,2240-JKC9023SPMR-ND,JKC9023SPMR,"Transforming Technologies, LlC",ESD JACKET SNAP CUFF M MAROON,0,0,"Active","0","0","-","*","Active"
-,-,2240-JKC9026SPTL-ND,JKC9026SPTL,"Transforming Technologies, LlC",ESD JACKET SNAP CUFF 2XL TEAL,0,0,"Active","0","0","-","*","Active"
-,-,2240-MT4548RB-ND,MT4548RB,"Transforming Technologies, LlC",2LYR ESD TBL MAT 48""X50' RYL BL,0,0,"Active","0","0","-","*","Active"
-,-,2240-JKC9023SPOR-ND,JKC9023SPOR,"Transforming Technologies, LlC",ESD JACKET SNAP CUFF M ORANGE,0,0,"Active","0","0","-","*","Active"
-,-,2240-WBAS22LP-ND,WBAS22LP,"Transforming Technologies, LlC",DISSIPATIVE BASKET LNR 22GAL PNK,0,0,"Active","0","0","-","*","Active"
-,-,2240-MT4536GN-ND,MT4536GN,"Transforming Technologies, LlC",2LYR ESD TBL MAT 36""X50' GREEN,0,0,"Active","0","0","-","*","Active"
-,-,2240-CM1601-ND,CM1601,"Transforming Technologies, LlC",RANGERONE DUAL WIRE CONSTANT MTR,0,0,"Active","0","0","-","*","Active"
-,-,2240-JKC9027SPMR-ND,JKC9027SPMR,"Transforming Technologies, LlC",ESD JACKET SNAP CUFF 3XL MAROON,0,0,"Active","0","0","-","*","Active"
-,-,2240-CM410-ND,CM410,"Transforming Technologies, LlC",CONT MTR 1 OPERATOR WRKSTN MAT,0,0,"Active","0","0","-","*","Active"
-,-,2240-CM1600-ND,CM1600,"Transforming Technologies, LlC",RANGERPRO DUAL WIRE CONSTANT MTR,0,0,"Active","0","0","-","*","Active"
-,-,2240-WB7050-ND,WB7050,"Transforming Technologies, LlC",FABRIC DL CND WRIST STRAP 5?CORD,0,0,"Active","0","0","-","*","Active"
-,-,2240-GL4501P-ND,GL4501P,"Transforming Technologies, LlC",XSMALL ESD NYLON GLOVES PALM CTD,0,0,"Active","0","0","-","*","Active"
-,-,2240-HG1360R-ND,HG1360R,"Transforming Technologies, LlC",ESD HEEL GROUNDER CUP STYLE RED,0,0,"Active","0","0","-","*","Active"
-,-,2240-GL4504T-ND,GL4504T,"Transforming Technologies, LlC",LARGE ESD NYLON GLOVE FINGER CTD,0,0,"Active","0","0","-","*","Active"
-,-,2240-WBASLB-ND,WBASLB,"Transforming Technologies, LlC",CONDUCTIVE WASTE LINER 7GAL BLK,0,0,"Active","0","0","-","*","Active"
-,-,2240-JKC9021SPWH-ND,JKC9021SPWH,"Transforming Technologies, LlC",ESD JACKET SNAP CUFF XS WHITE,0,0,"Active","0","0","-","*","Active"
-,-,2240-GL4505-ND,GL4505,"Transforming Technologies, LlC",XL ESD NYLON GLOVES UNCTD,0,0,"Active","0","0","-","*","Active"
-,-,2240-MT3648B-ND,MT3648B,"Transforming Technologies, LlC",2LYR ESD TABLE MAT 36""X48"" BLUE,0,0,"Active","0","0","-","*","Active"
-,-,2240-FM62036BK-ND,FM62036BK,"Transforming Technologies, LlC",ESD ANTI-FATIGUE MAT 20? X 3?,0,0,"Active","0","0","-","*","Active"
-,-,2240-WBAS44LP-ND,WBAS44LP,"Transforming Technologies, LlC",DISSIPATIVE BASKET LNR 44GAL PNK,0,0,"Active","0","0","-","*","Active"
-,-,2240-JKC9027SPBK-ND,JKC9027SPBK,"Transforming Technologies, LlC",ESD JACKET SNAP CUFF 3XL BLACK,0,0,"Active","0","0","-","*","Active"
-,-,2240-HG1360-ND,HG1360,"Transforming Technologies, LlC",ESD HEEL GROUNDER CUP STYLE BLK,0,0,"Active","0","0","-","*","Active"
-,-,2240-BFN803-ND,BFN803,"Transforming Technologies, LlC",3FAN OVERHD IONZIER W/LED LIGHT,0,0,"Active","0","0","-","*","Active"
-,-,2240-MT3672GY-ND,MT3672GY,"Transforming Technologies, LlC",2LYR ESD TABLE MAT 36""X72"" GRAY,0,0,"Active","0","0","-","*","Active"
-,-,2240-GL2504-ND,GL2504,"Transforming Technologies, LlC",LG ESD CUT RES GLOVES UNCTD,0,0,"Active","0","0","-","*","Active"
-,-,2240-IN6430-ND,IN6430,"Transforming Technologies, LlC",PTEC IONIZING GUN,0,0,"Active","0","0","-","*","Active"
-,-,2240-JKC9022SPGN-ND,JKC9022SPGN,"Transforming Technologies, LlC",ESD JACKET SNAP CUFF S YLW-GRN,0,0,"-","0","0","-","*","-"
-,-,2240-GL2503T-ND,GL2503T,"Transforming Technologies, LlC",MED ESD CUT RES GLOVE FINGER CTD,0,0,"Active","0","0","-","*","Active"
-,-,2240-JKC9021SPGN-ND,JKC9021SPGN,"Transforming Technologies, LlC",ESD JACKET SNAP CUFF XS YLW-GRN,0,0,"Active","0","0","-","*","Active"
-,-,2240-JKC9026SPOR-ND,JKC9026SPOR,"Transforming Technologies, LlC",ESD JACKET SNAP CUFF 2XL ORANGE,0,0,"Active","0","0","-","*","Active"
-,-,2240-FM52X3-ND,FM52X3,"Transforming Technologies, LlC",ESD ANTI-FATIGUE MAT 2?X3?,0,0,"Active","0","0","-","*","Active"
-,-,2240-JKC9025SPWH-ND,JKC9025SPWH,"Transforming Technologies, LlC",ESD JACKET SNAP CUFF XL WHITE,0,0,"Active","0","0","-","*","Active"
-,-,2240-WB5050L-ND,WB5050L,"Transforming Technologies, LlC",DL CNDCTR WRIST STRAP 5? CORD L,0,0,"Active","0","0","-","*","Active"
-,-,2240-MT4530B-ND,MT4530B,"Transforming Technologies, LlC",2LYR ESD TBL MAT 30""X50' BLUE,0,0,"Active","0","0","-","*","Active"
-,-,2240-JKC9023SPLB-ND,JKC9023SPLB,"Transforming Technologies, LlC",ESD JACKET SNAP CUFF M LT BLUE,0,0,"Active","0","0","-","*","Active"
-,-,2240-JKC9022SPLB-ND,JKC9022SPLB,"Transforming Technologies, LlC",ESD JACKET SNAP CUFF S LT BLUE,0,0,"Active","0","0","-","*","Active"
-,-,2240-JKC9029SPGN-ND,JKC9029SPGN,"Transforming Technologies, LlC",ESD JACKET SNAP CUFF 5XL YLW-GRN,0,0,"Active","0","0","-","*","Active"
-,-,2213-L30960-N1815-A100-ND,L30960-N1815-A100,"Gemalto, a Thales Company",MODULE CELLULAR GPRS,0,0,"-","0","0","-","*","-"
-,-,2256-2-00602-99-ND,2-00602-99,Digipas Technologies Inc,DIGI-PAS? DWL 600F HEAVY DUTY DI,0,0,"-","0","0","-","*","-"
-,-,2256-5-02101-94-ND,5-02101-94,Digipas Technologies Inc,"OUTDOOR SMART PADLOCK 3RD GEN, W",0,0,"-","0","0","-","*","-"
-,-,2213-L30960-N1805-A100-ND,L30960-N1805-A100,"Gemalto, a Thales Company",MODULE CELLULAR GPRS,0,0,"-","0","0","-","*","-"
-,-,2256-2-03501-99-ND,2-03501-99,Digipas Technologies Inc,PROFESSIONAL SOFTWARE VERSION FO,0,0,"-","0","0","-","*","-"
-,-,2256-2-00285-99-ND,2-00285-99,Digipas Technologies Inc,DIGI-PAS? DWL280PRO WATERPROOF I,0,0,"-","0","0","-","*","-"
-,-,2256-2-02001-99-ND,2-02001-99,Digipas Technologies Inc,2-AXIS DIGITAL MACHINIST LEVEL &,0,0,"-","0","0","-","*","-"
-,-,2256-2-05501-99-ND,2-05501-99,Digipas Technologies Inc,PROFESSIONAL SOFTWARE VERSION FO,0,0,"-","0","0","-","*","-"
-,-,2256-2-00681-99-ND,2-00681-99,Digipas Technologies Inc,24? WATERPROOF IP65 DIGITAL LEVE,0,0,"-","0","0","-","*","-"
-,-,2256-2-05003-99-ND,2-05003-99,Digipas Technologies Inc,CONTROL BOX FOR 2-AXIS HIGH-PREC,0,0,"-","0","0","-","*","-"
-,-,2256-2-05002-99-ND,2-05002-99,Digipas Technologies Inc,DIGI-PAS? DWL5000XY 2-AXIS PRECI,0,0,"-","0","0","-","*","-"
-,-,2256-2-05001-99-ND,2-05001-99,Digipas Technologies Inc,DIGI-PAS? DWL5000XY-SW PROFESSIO,0,0,"-","0","0","-","*","-"
-,-,2256-2-01501-99-ND,2-01501-99,Digipas Technologies Inc,2-AXIS SMART MASTER PRECISION LE,0,0,"-","0","0","-","*","-"
-,-,2256-2-08502-99-ND,2-08502-99,Digipas Technologies Inc,2-AXIS ULTRA-PRECISION DIGITAL L,0,0,"-","0","0","-","*","-"
-,-,2256-2-03003-99-ND,2-03003-99,Digipas Technologies Inc,2-AXIS DIGITAL MACHINIST LEVEL &,0,0,"-","0","0","-","*","-"
-,-,2256-2-00081-99-ND,2-00081-99,Digipas Technologies Inc,"DIGITAL LEVEL, ELECTRONIC ANGLE",0,0,"-","0","0","-","*","-"
-,-,2213-L30960-N1800-A100-ND,L30960-N1800-A100,"Gemalto, a Thales Company",MODULE CELLULAR GPRS,0,0,"-","0","0","-","*","-"
-,-,2256-2-03001-00-ND,2-03001-00,Digipas Technologies Inc,PROFESSIONAL SOFTWARE VERSION FO,0,0,"-","0","0","-","*","-"
-,-,2256-2-05801-99-ND,2-05801-99,Digipas Technologies Inc,DIGI-PAS? DWL5800XY 2-AXIS ULTRA,0,0,"-","0","0","-","*","-"
-,-,2256-2-03503-99-ND,2-03503-99,Digipas Technologies Inc,DIGI-PAS? DWL3500XY-BLUETOOTH 2-,0,0,"-","0","0","-","*","-"
-,-,2256-2-02001-00-ND,2-02001-00,Digipas Technologies Inc,PROFESSIONAL SOFTWARE VERSION FO,0,0,"-","0","0","-","*","-"
-,-,2256-2-00082-99-ND,2-00082-99,Digipas Technologies Inc,"DIGITAL LEVEL, ELECTRONIC ANGLE",0,0,"-","0","0","-","*","-"
-,-,2256-2-00181-99-ND,2-00181-99,Digipas Technologies Inc,MINI SCREW ON DIGITAL LEVEL ANGL,0,0,"-","0","0","-","*","-"
-,-,2256-2-01301-99-ND,2-01301-99,Digipas Technologies Inc,2-AXIS SMART MACHINIST DIGITAL L,0,0,"-","0","0","-","*","-"
-,-,2256-2-00201-99-ND,2-00201-99,Digipas Technologies Inc,"ELECTRONIC TORPEDO LEVEL, PROTRA",0,0,"-","0","0","-","*","-"
-,-,2256-5-02102-94-ND,5-02102-94,Digipas Technologies Inc,"OUTDOOR SMART PADLOCK 3RD GEN, W",0,0,"-","0","0","-","*","-"
-,-,1471-MIKROE-3800-ND,MIKROE-3800,MikroElektronika,AM/FM CLICK,0,0,"-","0","0","-","*","-"
-,-,1471-MIKROE-3784-ND,MIKROE-3784,MikroElektronika,MCU CARD 13 FOR STM32 STM32F100Z,0,0,"-","0","0","-","*","-"
-,-,1471-MIKROE-3789-ND,MIKROE-3789,MikroElektronika,LCD MONO CLICK,0,0,"-","0","0","-","*","-"
-,-,1471-MIKROE-3782-ND,MIKROE-3782,MikroElektronika,MCU CARD 33 FOR STM32 STM32F103R,0,0,"-","0","0","-","*","-"
-,-,1471-MIKROE-3787-ND,MIKROE-3787,MikroElektronika,H-BRIDGE 4 CLICK,0,0,"-","0","0","-","*","-"
-,-,2240-WB1643-ND,WB1643,"Transforming Technologies, LlC",WRIST STRAP CURVED BKL 12? CORD,0,0,"-","0","0","-","*","-"
-,-,2240-MT2448GN-ND,MT2448GN,"Transforming Technologies, LlC",2LYR ESD TABLE MAT 24""X48"" GREEN,0,0,"-","0","0","-","*","-"
-,-,2240-GL2505T-ND,GL2505T,"Transforming Technologies, LlC",XL ESD CUT RES GLOVES FINGER CTD,0,0,"-","0","0","-","*","-"
